movie_id,imdb_id,tmdb_id,rating,average_rating,title
6,0113277,949,4.0,3.84775,Heat (1995)
10,0113189,710,3.5,3.43236,GoldenEye (1995)
16,0112641,524,4.0,3.80626,Casino (1995)
32,0114746,63,4.0,3.89123,Twelve Monkeys (1995)
47,0114369,807,5.0,4.0743,Se7en (1995)
50,0114814,629,3.5,4.28787,The Usual Suspects (1995)
70,0116367,755,3.5,3.31917,From Dusk Till Dawn (1996)
110,0112573,197,2.0,4.00696,Braveheart (1995)
111,0075314,103,5.0,4.0857,Taxi Driver (1976)
123,0109424,11104,2.5,3.99113,Chungking Express (1994)
215,0112471,76,3.5,3.90769,Before Sunrise (1995)
233,0109759,20156,3.0,3.5257,Exotica (1995)
260,0076759,11,4.0,4.11581,Star Wars (1977)
288,0110632,241,1.0,3.25537,Natural Born Killers (1994)
293,0110413,101,4.0,4.09049,Léon: The Professional (1994)
296,0110912,680,4.5,4.17797,Pulp Fiction (1994)
318,0111161,278,4.0,4.42283,The Shawshank Redemption (1994)
347,0104779,10497,3.5,3.44131,Bitter Moon (1992)
356,0109830,13,2.0,4.05983,Forrest Gump (1994)
364,0110357,8587,3.5,3.81518,The Lion King (1994)
480,0107290,329,2.0,3.66774,Jurassic Park (1993)
501,0107653,21450,2.5,3.83203,Naked (1993)
527,0108052,424,4.0,4.25359,Schindler's List (1993)
541,0083658,78,4.0,4.11669,Blade Runner (1982)
555,0108399,319,5.0,3.80464,True Romance (1993)
589,0103064,280,3.5,3.94435,Terminator 2: Judgment Day (1991)
592,0096895,268,2.0,3.38682,Batman (1989)
593,0102926,274,4.0,4.15117,The Silence of the Lambs (1991)
608,0116282,275,3.5,4.10805,Fargo (1996)
741,0113568,9323,3.0,3.9663,Ghost in the Shell (1995)
778,0117951,627,3.0,4.00841,Trainspotting (1996)
858,0068646,238,4.0,4.33169,The Godfather (1972)
866,0115736,9303,3.5,3.71176,Bound (1996)
903,0052357,426,3.0,4.11835,Vertigo (1958)
904,0047396,567,3.0,4.22987,Rear Window (1954)
922,0043014,599,3.0,4.19724,Sunset Boulevard (1950)
924,0062622,62,2.5,3.97808,2001: A Space Odyssey (1968)
1036,0095016,562,3.5,3.93287,Die Hard (1988)
1076,0055018,16372,3.5,3.82479,The Innocents (1961)
1086,0046912,521,3.5,4.0227,Dial M for Murder (1954)
1089,0105236,500,4.5,4.09054,Reservoir Dogs (1992)
1092,0103772,402,4.0,3.35452,Basic Instinct (1992)
1173,0097108,7452,3.0,3.45624,"The Cook, the Thief, His Wife & Her Lover (1989)"
1175,0101700,892,2.0,3.95533,Delicatessen (1991)
1193,0073486,510,3.5,4.22207,One Flew Over the Cuckoo's Nest (1975)
1196,0080684,1891,4.0,4.13088,The Empire Strikes Back (1980)
1198,0082971,85,2.0,4.11622,Raiders of the Lost Ark (1981)
1200,0090605,679,3.5,3.99552,Aliens (1986)
1201,0060196,429,3.0,4.124,"The Good, the Bad and the Ugly (1966)"
1203,0050083,389,4.0,4.23958,12 Angry Men (1957)
1206,0066921,185,4.0,3.98239,A Clockwork Orange (1971)
1208,0078788,28,2.0,4.10852,Apocalypse Now (1979)
1209,0064116,335,3.0,4.10892,Once Upon a Time in the West (1968)
1210,0086190,1892,3.5,3.98544,Return of the Jedi (1983)
1213,0099685,769,4.0,4.18,GoodFellas (1990)
1214,0078748,348,4.0,4.05301,Alien (1979)
1219,0054215,539,3.5,4.06313,Psycho (1960)
1221,0071562,240,4.0,4.26537,The Godfather: Part II (1974)
1222,0093058,600,3.5,4.04087,Full Metal Jacket (1987)
1228,0081398,1578,3.5,4.04804,Raging Bull (1980)
1232,0079944,1398,2.0,4.07811,Stalker (1979)
1240,0088247,218,4.0,3.89355,The Terminator (1984)
1241,0103873,763,3.0,3.71303,Braindead (1992)
1247,0061722,37247,3.5,4.03101,The Graduate (1967)
1252,0071315,829,3.5,4.15136,Chinatown (1974)
1258,0081505,694,3.5,4.01985,The Shining (1980)
1259,0092005,235,3.5,3.98602,Stand by Me (1986)
1263,0077416,11778,4.0,3.96955,The Deer Hunter (1978)
1265,0107048,137,3.0,3.889,Groundhog Day (1993)
1274,0094625,149,3.5,3.90098,Akira (1988)
1280,0101640,10404,3.5,4.11711,Raise the Red Lantern (1991)
1321,0082010,814,3.5,3.51991,An American Werewolf in London (1981)
1343,0101540,1598,3.0,3.53941,Cape Fear (1991)
1347,0087800,377,2.5,3.27765,A Nightmare on Elm Street (1984)
1387,0073195,578,3.0,3.78309,Jaws (1975)
1407,0117571,4232,3.5,3.27495,Scream (1996)
1464,0116922,638,4.0,3.71418,Lost Highway (1997)
1466,0119008,9366,4.0,3.80382,Donnie Brasco (1997)
1527,0119116,18,2.5,3.76049,The Fifth Element (1997)
1617,0119488,2118,4.0,4.06254,L.A. Confidential (1997)
1625,0119174,2649,4.0,3.85995,The Game (1997)
1645,0118971,1813,3.5,3.54185,The Devil's Advocate (1997)
1653,0119177,782,4.0,3.79021,Gattaca (1997)
1673,0118749,4995,3.0,3.68602,Boogie Nights (1997)
1682,0120382,37165,3.5,3.8526,The Truman Show (1998)
1704,0119217,489,3.5,4.081,Good Will Hunting (1997)
1729,0119396,184,4.0,3.68845,Jackie Brown (1997)
1732,0118715,115,3.5,3.96736,The Big Lebowski (1998)
1748,0118929,2666,4.0,3.80014,Dark City (1998)
1884,0120669,1878,2.0,3.74569,Fear and Loathing in Las Vegas (1998)
1913,0073540,11020,4.0,3.74031,Picnic at Hanging Rock (1975)
1921,0138704,473,3.0,3.73184,Pi (1998)
1982,0077651,948,2.5,3.54743,Halloween (1978)
1997,0070047,9552,3.5,3.73549,The Exorcist (1973)
2021,0087182,841,1.5,3.3018,Dune (1984)
2028,0120815,857,4.0,4.05196,Saving Private Ryan (1998)
2076,0090756,793,4.5,3.83851,Blue Velvet (1986)
2160,0063522,805,4.5,3.74943,Rosemary's Baby (1968)
2288,0084787,1091,4.0,3.85293,The Thing (1982)
2313,0080678,1955,3.5,3.8962,The Elephant Man (1980)
2329,0120586,73,4.5,4.14069,American History X (1998)
2360,0154420,309,3.5,4.08577,The Celebration (1998)
2455,0091064,9426,3.0,3.42228,The Fly (1986)
2459,0072271,30497,4.0,3.27647,The Texas Chain Saw Massacre (1974)
2488,0054167,11167,2.0,3.78543,Peeping Tom (1960)
2502,0151804,1542,3.0,3.97618,Office Space (1999)
2511,0070334,1847,3.0,3.84922,The Long Goodbye (1973)
2527,0070909,2362,3.5,3.4197,Westworld (1973)
2553,0054443,11773,3.5,3.41302,Village of the Damned (1960)
2557,0157016,1567,3.0,3.76258,I Stand Alone (1998)
2571,0133093,603,4.0,4.15152,The Matrix (1999)
2594,0125659,1902,3.5,3.89102,Open Your Eyes (1997)
2628,0120915,1893,2.5,3.0842,Star Wars: Episode I - The Phantom Menace (1999)
2664,0049366,11549,3.5,3.7542,Invasion of the Body Snatchers (1956)
2692,0130827,104,4.0,3.97115,Run Lola Run (1998)
2707,0137363,1073,4.0,3.44821,Arlington Road (1999)
2710,0185937,2667,3.0,2.89406,The Blair Witch Project (1999)
2712,0120663,345,4.5,3.25529,Eyes Wide Shut (1999)
2762,0167404,745,4.0,4.01398,The Sixth Sense (1999)
2810,0156887,10494,4.0,3.86876,Perfect Blue (1997)
2858,0169547,14,4.0,4.11835,American Beauty (1999)
2871,0068473,10669,3.0,3.77369,Deliverance (1972)
2959,0137523,550,4.0,4.2321,Fight Club (1999)
2966,0166896,404,3.5,3.9382,The Straight Story (1999)
2997,0120601,492,4.0,3.93165,Being John Malkovich (1999)
3000,0119698,128,4.0,4.1313,Princess Mononoke (1997)
3018,0089885,1694,2.0,3.50806,Re-Animator (1985)
3075,0059646,11481,4.0,3.85102,Repulsion (1965)
3147,0120689,497,4.0,4.03119,The Green Mile (1999)
3160,0175880,334,3.5,3.86184,Magnolia (1999)
3262,0105665,1923,2.0,3.56106,Twin Peaks: Fire Walk with Me (1992)
3272,0103759,12143,3.0,3.31702,Bad Lieutenant (1992)
3275,0144117,8374,2.0,3.88941,The Boondock Saints (1999)
3362,0072890,968,4.0,3.95917,Dog Day Afternoon (1975)
3476,0099871,2291,2.5,3.67556,Jacob's Ladder (1990)
3535,0144084,1359,3.5,3.59979,American Psycho (2000)
3546,0056687,10242,3.0,3.78088,What Ever Happened to Baby Jane? (1962)
3556,0159097,1443,3.5,3.64629,The Virgin Suicides (2000)
3578,0172495,98,3.5,3.9578,Gladiator (2000)
3621,0082933,21484,1.5,3.66914,Possession (1981)
3676,0074486,985,2.5,3.64147,Eraserhead (1977)
3683,0086979,11368,3.5,4.00524,Blood Simple (1984)
3702,0079501,9659,3.5,3.52484,Mad Max (1979)
3703,0082694,8810,4.0,3.64525,Mad Max 2 (1981)
3704,0089530,9355,2.0,3.12201,Mad Max Beyond Thunderdome (1985)
3706,0092563,635,3.0,3.5723,Angel Heart (1987)
3730,0071360,592,3.5,4.04351,The Conversation (1974)
3740,0090728,6978,3.0,3.4864,Big Trouble in Little China (1986)
3741,0069762,3133,2.5,3.99097,Badlands (1973)
3875,0062885,39891,3.5,3.32278,The Devil Rides Out (1968)
3882,0204946,1588,2.5,3.03754,Bring It On (2000)
3949,0180093,641,4.5,3.99806,Requiem for a Dream (2000)
3994,0217869,9741,3.5,3.48852,Unbreakable (2000)
4011,0208092,107,3.5,4.06469,Snatch (2000)
4105,0083907,764,1.0,3.69943,The Evil Dead (1981)
4144,0118694,843,2.5,4.03976,In the Mood for Love (2000)
4210,0091474,11454,3.5,3.5807,Manhunter (1986)
4226,0209144,77,4.0,4.15297,Memento (2000)
4239,0221027,4133,3.0,3.73057,Blow (2001)
4306,0126029,808,4.0,3.76536,Shrek (2001)
4437,0076786,11906,2.5,3.66214,Suspiria (1977)
4552,0096251,41428,3.0,3.49216,Tetsuo: The Iron Man (1989)
4658,0098253,19236,3.0,3.68036,Santa Sangre (1989)
4720,0230600,1933,4.0,3.71128,The Others (2001)
4754,0070917,16307,3.5,3.72441,The Wicker Man (1973)
4848,0166924,1018,5.0,3.83298,Mulholland Drive (2001)
4868,0263101,3173,3.5,2.90076,Bangkok Dangerous (1999)
4878,0246578,141,4.0,3.96214,Donnie Darko (2001)
4886,0198781,585,3.5,3.85031,"Monsters, Inc. (2001)"
4896,0241527,671,4.0,3.6804,Harry Potter and the Philosopher's Stone (2001)
4902,0256009,1433,3.5,3.72339,The Devil's Backbone (2001)
4963,0240772,161,3.5,3.80664,Ocean's Eleven (2001)
4973,0211915,194,3.5,4.11262,Amélie (2001)
4993,0120737,120,4.5,4.09625,The Lord of the Rings: The Fellowship of the Ring (2001)
4995,0268978,453,3.5,3.96486,A Beautiful Mind (2001)
5378,0121765,1894,2.0,3.0609,Star Wars: Episode II - Attack of the Clones (2002)
5418,0258463,2501,3.5,3.90965,The Bourne Identity (2002)
5465,0297721,16664,2.0,3.50316,All About Lily Chou-Chou (2001)
5526,0255589,8653,1.0,3.55926,The Isle (2000)
5608,0250258,575,4.0,3.84965,The Experiment (2001)
5618,0245429,129,4.0,4.21279,Spirited Away (2001)
5673,0272338,8051,3.5,3.55018,Punch-Drunk Love (2002)
5679,0298130,565,3.5,3.34684,The Ring (2002)
5690,0095327,12477,4.0,4.10048,Grave of the Fireflies (1988)
5712,0082085,11644,3.5,3.56163,Blow Out (1981)
5816,0295297,672,3.5,3.64131,Harry Potter and the Chamber of Secrets (2002)
5893,0110308,25284,3.0,3.73403,The Last Seduction (1994)
5902,0268126,2757,3.5,3.83711,Adaptation. (2002)
5952,0167261,121,4.5,4.07279,The Lord of the Rings: The Two Towers (2002)
5954,0307901,1429,4.0,3.82217,25th Hour (2002)
5971,0096283,8392,3.0,4.15672,My Neighbor Totoro (1988)
5989,0264464,640,3.5,3.92291,Catch Me If You Can (2002)
5995,0253474,423,3.5,4.04793,The Pianist (2002)
6001,0085794,262,3.5,3.84376,The King of Comedy (1982)
6016,0317248,598,4.0,4.18251,City of God (2002)
6070,0105622,15802,2.0,3.10119,Tokyo Decadence (1992)
6214,0290673,979,3.5,3.58406,Irreversible (2002)
6377,0266543,12,4.0,3.84259,Finding Nemo (2003)
6440,0101410,290,3.5,3.82811,Barton Fink (1991)
6502,0289043,170,3.5,3.75485,28 Days Later (2002)
6530,0074811,11482,2.5,3.84451,The Tenant (1976)
6711,0335266,153,4.0,3.79485,Lost in Translation (2003)
6774,0086541,837,2.5,3.69589,Videodrome (1983)
6789,0115561,12531,3.5,3.65689,The Apartment (1996)
6803,0087909,29161,3.0,3.33068,Phenomena (1985)
6818,0091251,25237,4.0,4.06631,Come and See (1985)
6842,0068732,29449,3.5,3.43662,Images (1972)
6870,0327056,322,4.0,3.82467,Mystic River (2003)
6874,0266697,24,4.5,3.85582,Kill Bill: Vol. 1 (2003)
6890,0363589,1807,4.0,3.53589,Elephant (2003)
6975,0119167,10234,1.5,3.75313,Funny Games (1997)
6987,0010323,234,3.0,3.90371,The Cabinet of Dr. Caligari (1920)
7022,0266308,3176,3.5,3.79003,Battle Royale (2000)
7044,0100935,483,2.0,3.66388,Wild at Heart (1990)
7115,0073582,20126,2.0,3.7651,Deep Red (1975)
7116,0046911,827,3.0,3.97414,Diabolique (1955)
7153,0167260,122,4.5,4.10136,The Lord of the Rings: The Return of the King (2003)
7327,0060827,797,2.5,4.10658,Persona (1966)
7361,0338013,38,3.5,4.07414,Eternal Sunshine of the Spotless Mind (2004)
7387,0077402,923,1.0,3.78711,Dawn of the Dead (1978)
7419,0088680,10843,3.5,3.84159,After Hours (1985)
7438,0378194,393,4.5,3.82153,Kill Bill: Vol. 2 (2004)
7444,0337563,10096,1.0,3.09819,13 Going on 30 (2004)
7564,0058279,30959,1.5,3.8439,Kwaidan (1964)
7574,0113725,18872,3.0,3.6701,Maborosi (1995)
7713,0034587,25508,3.5,3.48511,Cat People (1942)
7802,0080120,11474,2.5,3.71998,The Warriors (1979)
7982,0365376,4552,4.0,3.61826,A Tale of Two Sisters (2003)
8014,0374546,113,3.5,3.99979,"Spring, Summer, Fall, Winter... and Spring (2003)"
8042,0070379,203,2.5,3.82132,Mean Streets (1973)
8157,0193253,823,3.5,3.68835,Jin-Roh: The Wolf Brigade (1999)
8261,0075612,41662,3.5,3.83371,3 Women (1977)
8327,0330229,870,2.5,3.82696,Dolls (2002)
8360,0298148,809,3.0,3.48034,Shrek 2 (2004)
8368,0304141,673,4.0,3.80952,Harry Potter and the Prisoner of Azkaban (2004)
8506,0289944,37696,3.0,2.84416,Fear X (2003)
8507,0022913,136,3.0,3.76504,Freaks (1932)
8665,0372183,2502,3.5,3.85702,The Bourne Supremacy (2004)
8798,0369339,1538,3.0,3.68407,Collateral (2004)
8950,0361862,4553,4.0,3.81343,The Machinist (2004)
8957,0387564,176,3.0,3.32356,Saw (2004)
8961,0317705,9806,2.0,3.85674,The Incredibles (2004)
8983,0385004,9550,2.5,3.72484,House of Flying Daggers (2004)
26122,0058430,3763,2.5,3.82099,Onibaba (1964)
26241,0066993,31767,3.5,3.67949,The Devils (1971)
26393,0076740,38985,3.5,3.75576,Sorcerer (1977)
26776,0104652,11621,3.5,3.93323,Porco Rosso (1992)
26840,0108188,7500,3.0,3.80982,Sonatine (1993)
26947,0117407,2061,3.5,3.71377,Pusher (1996)
27087,0154683,50173,1.5,3.0,Jigoku (1960)
27109,0158714,2487,3.0,3.59132,Lady Snowblood (1973)
27317,0235198,11075,4.0,3.6088,Audition (2000)
27328,0239655,36246,3.5,3.77778,Monday (2000)
27478,0284837,9298,3.5,3.01157,Ali G Indahouse (2002)
27491,0286751,27324,2.5,3.2509,Pulse (2001)
27523,0293715,11178,3.0,3.77132,My Sassy Girl (2001)
27592,0310775,4689,3.5,3.80572,Sympathy for Mr. Vengeance (2002)
27604,0312843,12720,2.5,3.36077,Suicide Club (2001)
27773,0364569,670,4.5,4.0748,Oldboy (2003)
27831,0375912,4836,3.5,3.75345,Layer Cake (2004)
30745,0361668,12487,2.0,3.60656,Gozu (2003)
31364,0353969,11423,3.0,4.01001,Memories of Murder (2003)
31410,0363163,613,3.5,3.99067,Downfall (2004)
31658,0347149,4935,3.5,4.08667,Howl's Moving Castle (2004)
32250,0330904,33431,3.0,2.98387,A Snake of June (2002)
32587,0401792,187,4.0,3.78379,Sin City (2005)
33171,0370986,11171,3.5,3.80049,Mysterious Skin (2004)
33493,0121766,1895,3.0,3.39245,Star Wars: Episode III - Revenge of the Sith (2005)
33683,0338095,10226,3.5,3.33887,High Tension (2003)
33794,0372784,272,4.0,3.93356,Batman Begins (2005)
34811,0396184,11328,2.5,3.70352,Pusher II: With Blood on My Hands (2004)
37382,0421054,9923,3.5,3.01264,Domino (2005)
39183,0388795,142,3.5,3.59895,Brokeback Mountain (2005)
40732,0435625,9392,3.5,3.48726,The Descent (2005)
40815,0330373,674,4.0,3.77204,Harry Potter and the Goblet of Fire (2005)
42632,0451094,4550,4.0,3.80093,Sympathy for Lady Vengeance (2005)
43009,0407621,12517,2.0,3.09559,The Ordeal (2006)
44555,0405094,582,4.0,4.20078,The Lives of Others (2006)
44665,0425210,186,4.0,3.85184,Lucky Number Slevin (2006)
44761,0393109,9270,3.5,3.79325,Brick (2005)
44974,0424136,2652,3.5,3.60795,Hard Candy (2005)
46578,0449059,773,3.5,3.87011,Little Miss Sunshine (2006)
47725,0473753,11227,3.0,3.53587,Angel-A (2005)
48043,0414993,1381,2.5,3.60117,The Fountain (2006)
48304,0472043,1579,3.0,3.65158,Apocalypto (2006)
48394,0457430,1417,3.5,3.97972,Pan's Labyrinth (2006)
48516,0407887,1422,4.0,4.1204,The Departed (2006)
48774,0206634,9693,4.5,3.89506,Children of Men (2006)
48780,0482571,1124,3.5,4.0922,The Prestige (2006)
48997,0396171,1427,3.5,3.66813,Perfume: The Story of a Murderer (2006)
49272,0381061,36557,3.5,3.8212,Casino Royale (2006)
49530,0450259,1372,3.5,3.85335,Blood Diamond (2006)
49932,0460829,1730,4.0,3.59448,Inland Empire (2006)
49961,0465551,1259,3.5,3.72533,Notes on a Scandal (2006)
50641,0076162,25623,3.0,3.64765,House (1977)
51255,0425112,4638,2.5,3.84773,Hot Fuzz (2007)
51312,0398883,24653,3.0,3.86232,The Consequences of Love (2004)
51540,0443706,1949,4.0,3.73075,Zodiac (2007)
51545,0425379,11330,2.5,3.70066,Pusher III: I'm the Angel of Death (2005)
51662,0416449,1271,4.0,3.5743,300 (2007)
52885,0851578,4977,4.0,3.88864,Paprika (2006)
53318,0460740,12225,2.0,3.63701,Cashback (2006)
53519,1028528,1991,4.0,3.56128,Death Proof (2007)
54001,0373889,675,3.0,3.77851,Harry Potter and the Order of the Phoenix (2007)
54259,0486655,2270,3.0,3.80567,Stardust (2007)
54286,0440963,2503,3.5,3.93118,The Bourne Ultimatum (2007)
54503,0829482,8363,3.5,3.7303,Superbad (2007)
55167,0831888,13754,4.0,3.7561,Tekkonkinkreet (2006)
55247,0758758,5915,3.5,3.88216,Into the Wild (2007)
55290,0452623,4771,3.5,3.79807,Gone Baby Gone (2007)
55820,0477348,6977,4.0,4.0163,No Country for Old Men (2007)
56339,0464141,6537,3.0,3.73976,The Orphanage (2007)
56782,0469494,7345,3.5,3.97656,There Will Be Blood (2007)
57274,1038988,8329,4.0,3.71182,[REC] (2007)
57368,1060277,7191,4.0,3.30805,Cloverfield (2008)
57669,0780536,8321,3.5,3.88365,In Bruges (2008)
58559,0468569,155,4.5,4.1744,The Dark Knight (2008)
59784,0441773,9502,3.5,3.61511,Kung Fu Panda (2008)
60037,0949731,8645,1.0,2.43195,The Happening (2008)
60198,0070628,45698,2.5,3.53659,The Hourglass Sanatorium (1973)
60303,0492784,10842,4.0,3.34559,Strange Circus (2005)
60579,0453383,572,3.0,3.14,Next Door (2005)
61132,0942385,7446,2.5,3.37417,Tropic Thunder (2008)
61240,1139797,13310,3.5,3.95824,Let the Right One In (2008)
61262,0790686,13515,3.0,3.09215,Mirrors (2008)
62203,1029234,9539,4.0,3.55788,Martyrs (2008)
63082,1010048,12405,3.5,3.84165,Slumdog Millionaire (2008)
64839,1125849,12163,3.5,3.79212,The Wrestler (2008)
64957,0421715,4922,2.0,3.60234,The Curious Case of Benjamin Button (2008)
66097,0327597,14836,3.5,3.72134,Coraline (2009)
68157,0361748,16869,5.0,4.00572,Inglourious Basterds (2009)
68237,1182345,17431,3.5,4.0199,Moon (2009)
68954,1049413,14160,3.5,3.97405,Up (2009)
69122,1119646,18785,3.0,3.61563,The Hangover (2009)
69134,0870984,17609,3.5,3.4179,Antichrist (2009)
69757,1022603,19913,3.5,3.74706,(500) Days of Summer (2009)
69844,0417741,767,3.5,3.84791,Harry Potter and the Half-Blood Prince (2009)
70159,1148204,21208,4.0,3.39448,Orphan (2009)
70286,1136608,17654,2.5,3.80525,District 9 (2009)
70728,1172570,18533,3.0,3.56663,Bronson (2008)
71304,0762073,22536,3.5,3.54289,Thirst (2009)
71535,1156398,19908,3.5,3.76416,Zombieland (2009)
71745,0386117,16523,3.5,3.3017,Where the Wild Things Are (2009)
71899,0978762,24238,4.0,3.93587,Mary and Max (2009)
72142,1128075,28422,4.5,3.8354,Love Exposure (2008)
72731,0380510,7980,3.0,3.18595,The Lovely Bones (2009)
72998,0499549,19995,3.0,3.64239,Avatar (2009)
73808,1190539,13855,3.5,3.89675,The Chaser (2008)
74458,1130884,11324,4.0,3.9647,Shutter Island (2010)
74754,0368226,17473,1.0,2.45238,The Room (2003)
74946,0815236,34016,2.5,3.25853,She's Out of My League (2010)
75386,1029241,16350,4.0,2.68182,Vinyan (2008)
76251,1250777,23483,4.0,3.62135,Kick-Ass (2010)
77201,0862467,37861,3.5,3.08947,Valhalla Rising (2009)
78025,0269856,39056,4.0,3.31818,Ritual (2000)
78039,1120985,46705,3.5,3.68851,Blue Valentine (2010)
78836,1191111,34647,3.0,3.73855,Enter the Void (2010)
79132,1375666,27205,4.0,4.16655,Inception (2010)
79357,0485947,31011,2.5,3.91533,Mr. Nobody (2009)
79702,0446029,22538,2.5,3.77018,Scott Pilgrim vs. the World (2010)
80398,1167638,37645,2.5,3.27526,22 Bullets (2010)
80463,1285016,37799,4.0,3.75958,The Social Network (2010)
80844,0816556,27374,3.0,3.21875,Lake Mungo (2008)
81591,0947798,44214,4.0,3.78858,Black Swan (2010)
81834,0926084,12444,3.5,3.87896,Harry Potter and the Deathly Hallows: Part 1 (2010)
82041,1316536,46420,2.0,3.46751,The Loved Ones (2009)
82667,1588170,49797,3.0,3.75365,I Saw the Devil (2010)
82931,1572491,56812,2.5,3.29592,The Last Circus (2010)
84952,1590089,54186,3.5,3.83518,Confessions (2010)
85412,1740707,46146,3.0,3.4549,Troll Hunter (2010)
85510,0978764,23629,3.0,2.92349,Sucker Punch (2011)
85788,1591095,49018,3.0,3.45976,Insidious (2010)
86142,1436045,58857,2.5,3.69064,13 Assassins (2010)
86190,0993842,50456,2.5,3.49219,Hanna (2011)
86320,1527186,62215,3.0,3.61678,Melancholia (2011)
86781,1255953,46738,4.0,4.00983,Incendies (2010)
86898,0478304,8967,3.0,3.33473,The Tree of Life (2011)
87232,1270798,49538,3.5,3.74857,X-Men: First Class (2011)
88125,1201607,12445,4.0,3.91449,Harry Potter and the Deathly Hallows: Part 2 (2011)
88129,0780504,64690,4.5,3.82475,Drive (2011)
88810,1454029,50014,3.5,3.91227,The Help (2011)
89118,1189073,63311,3.5,3.75445,The Skin I Live In (2011)
89492,1210166,60308,3.5,3.86186,Moneyball (2011)
89582,1632547,68341,2.5,3.42308,Cold Fish (2010)
89745,0848228,24428,3.5,3.79247,The Avengers (2012)
89774,1291584,59440,3.5,3.90294,Warrior (2011)
89837,1788391,74725,2.5,3.3125,Kill List (2011)
89864,1306980,40807,3.5,3.7305,50/50 (2011)
90057,1675192,64720,3.0,3.68744,Take Shelter (2011)
90374,1441326,50837,3.5,3.52131,Martha Marcy May Marlene (2011)
91500,1392170,70160,2.0,3.52916,The Hunger Games (2012)
91529,1345836,49026,3.5,3.97831,The Dark Knight Rises (2012)
91566,0208178,104465,4.0,3.125,Moonlight Whispers (1999)
91617,0310313,99642,1.0,3.25,A New Life (2002)
91658,1568346,65754,4.0,3.81439,The Girl with the Dragon Tattoo (2011)
92259,1675434,77338,3.0,4.13436,The Intouchables (2011)
93510,1232829,64688,3.5,3.59646,21 Jump Street (2012)
93838,1899353,94329,4.0,3.78289,The Raid (2011)
93840,1259521,22970,4.0,3.62163,The Cabin in the Woods (2012)
94126,1821593,63310,3.5,3.6087,Bullhead (2011)
94558,1534085,50037,4.0,3.21203,Beyond the Black Rainbow (2010)
94959,1748122,83666,2.5,3.96826,Moonrise Kingdom (2012)
96079,1074638,37724,3.5,3.73347,Skyfall (2012)
96610,1276104,59967,3.5,3.65204,Looper (2012)
96728,1560747,68722,3.0,3.56095,The Master (2012)
96821,1659337,84892,3.0,3.84913,The Perks of Being a Wallflower (2012)
96829,2106476,103663,4.0,4.0642,The Hunt (2012)
96832,2076220,103328,2.0,3.64724,Holy Motors (2012)
97188,1922777,82507,3.5,3.53977,Sinister (2012)
97304,1024648,68734,3.5,3.77805,Argo (2012)
97306,1931533,86838,3.5,3.64403,Seven Psychopaths (2012)
98061,1900893,98631,1.0,3.03704,Himizu (2011)
98607,1483797,71883,3.5,3.76683,Redline (2009)
98809,0903624,49051,3.5,3.67764,The Hobbit: An Unexpected Journey (2012)
99114,1853728,68718,4.0,4.00489,Django Unchained (2012)
100060,1937339,77117,2.5,3.58333,Sunny (2011)
101088,1682180,86825,3.0,3.4307,Stoker (2013)
101285,2101441,122081,4.0,2.94701,Spring Breakers (2013)
101525,1817273,97367,3.5,3.65376,The Place Beyond the Pines (2013)
102123,1245492,109414,3.5,3.27583,This Is the End (2013)
102194,1935179,103731,3.5,3.66431,Mud (2013)
102682,1727516,83900,3.0,2.86364,Livid (2011)
102684,1602613,77987,4.0,3.13418,Only God Forgives (2013)
103137,2132285,96936,2.5,2.83228,The Bling Ring (2013)
103249,0816711,72190,2.5,3.282,World War Z (2013)
103341,1213663,107985,3.5,3.53891,The World's End (2013)
103688,1457767,138843,3.5,3.67316,The Conjuring (2013)
104457,1853739,83899,2.5,3.40202,You're Next (2011)
104879,1392214,146233,4.0,3.97664,Prisoners (2013)
104908,2226417,91586,3.5,3.45449,Insidious: Chapter 2 (2013)
105028,1754367,103689,2.5,3.41463,Post Tenebras Lux (2012)
105355,2278871,152584,3.5,3.80612,Blue Is the Warmest Color (2013)
105593,1450321,85889,3.5,3.65083,Filth (2013)
106489,1170358,57158,3.0,3.64815,The Hobbit: The Desolation of Smaug (2013)
106648,1743724,80662,3.0,3.51562,Guilty of Romance (2011)
106766,2042568,86829,2.5,3.7126,Inside Llewyn Davis (2013)
106782,0993846,106646,4.0,3.88062,The Wolf of Wall Street (2013)
106920,1798709,152601,4.5,3.8867,Her (2013)
107406,1706620,110415,4.0,3.48102,Snowpiercer (2013)
107649,1954315,186929,3.5,3.60526,Borgman (2013)
107771,1714915,152603,3.5,3.72606,Only Lovers Left Alive (2013)
108729,2316411,181886,4.0,3.58911,Enemy (2013)
109374,2278388,120467,3.0,4.01679,The Grand Budapest Hotel (2014)
109487,0816692,157336,3.5,4.1004,Interstellar (2014)
109848,1441395,97370,4.0,3.34342,Under the Skin (2014)
109968,2409302,134350,5.0,3.85326,Why Don't You Play in Hell? (2013)
110102,1843866,100402,2.5,3.70865,Captain America: The Winter Soldier (2014)
110501,2265171,180299,3.5,3.75377,The Raid 2 (2014)
110591,2388715,157547,3.5,3.38967,Oculus (2014)
110882,2692904,210479,4.0,3.6373,Locke (2014)
111113,2004420,195589,2.5,3.226,Neighbors (2014)
111781,2381249,177677,3.0,3.61203,Mission: Impossible - Rogue Nation (2015)
112183,2562232,194662,3.5,3.72386,Birdman (2014)
112290,1065073,85350,4.0,3.80635,Boyhood (2014)
112515,2321549,242224,2.5,3.50677,The Babadook (2014)
112552,2582802,244786,3.5,4.13483,Whiplash (2014)
112556,2267998,210577,4.0,3.93655,Gone Girl (2014)
112852,2015381,118340,2.5,3.93536,Guardians of the Galaxy (2014)
112866,2733258,208284,2.0,3.16667,The Strange Color of Your Body's Tears (2013)
113188,2345737,157845,2.5,3.23156,The Rover (2014)
113300,2914838,193722,3.0,3.21429,R100 (2013)
113573,0458481,189,3.5,3.19883,Sin City: A Dame to Kill For (2014)
113862,2980592,241848,3.5,3.49338,The Guest (2014)
114060,1600196,154400,4.0,3.59935,The Drop (2014)
114436,3108158,251981,4.0,3.0625,The World of Kanako (2014)
114627,0208502,15916,3.0,3.81132,Angel's Egg (1985)
115122,3416742,246741,3.5,3.9627,What We Do in the Shadows (2014)
115149,2911666,245891,3.5,3.76892,John Wick (2014)
115569,2872718,242582,4.0,3.94148,Nightcrawler (2014)
115617,2245084,177572,3.5,3.90487,Big Hero 6 (2014)
115624,1407972,49706,2.5,2.925,Dream Home (2010)
115713,0470752,264660,4.5,3.96396,Ex Machina (2015)
116799,1791528,171274,2.0,3.43562,Inherent Vice (2014)
117434,2793490,254194,2.0,3.07764,Starry Eyes (2014)
118710,2567038,305127,3.5,3.32927,The Frame (2014)
118896,3612616,265177,3.0,3.90112,Mommy (2014)
119145,2802144,207703,4.0,3.80424,Kingsman: The Secret Service (2015)
120392,2965412,276908,4.0,3.60116,Comet (2014)
120919,3837196,267573,3.0,3.42,Man on High Heels (2014)
120921,2542616,221437,4.0,2.5,Miss Zombie (2013)
121169,2570858,250225,3.5,3.37619,The Duke of Burgundy (2014)
121231,3235888,270303,4.5,3.59439,It Follows (2014)
122882,1392190,76341,4.5,3.84248,Mad Max: Fury Road (2015)
122886,2488496,140607,4.0,3.77804,Star Wars: The Force Awakens (2015)
122890,0803096,68735,3.5,3.24952,Warcraft (2016)
122904,1431045,293660,3.5,3.86456,Deadpool (2016)
122920,3498820,271110,3.0,3.72956,Captain America: Civil War (2016)
122922,1211837,284052,3.0,3.75417,Doctor Strange (2016)
127311,3066630,315855,2.5,3.37143,The Forbidden Room (2015)
127565,2366608,167810,4.5,3.20792,Lost River (2015)
128360,3460252,273248,4.0,3.86163,The Hateful Eight (2015)
128542,2535470,290999,3.0,3.05494,Wyrmwood: Road of the Dead (2014)
128604,2101383,86835,2.5,3.04605,Knight of Cups (2015)
128620,4226388,320007,4.0,3.81885,Victoria (2015)
128838,2554274,201085,2.5,3.25188,Crimson Peak (2015)
129078,3877718,287509,3.0,3.12903,Tokyo Fiancée (2014)
130576,2649554,245703,3.5,3.29777,Midnight Special (2016)
130840,3395184,241855,3.0,3.49228,Spring (2014)
131532,2336361,126883,3.0,2.83333,The Wild Ones (2012)
132547,2523832,325113,2.0,3.45161,A Girl Like Her (2015)
133771,3464902,254320,2.5,3.63085,The Lobster (2015)
134130,3659388,286217,3.5,4.04314,The Martian (2015)
134853,2096673,150540,3.5,3.95635,Inside Out (2015)
135143,3183660,259316,3.0,3.73355,Fantastic Beasts and Where to Find Them (2016)
135536,1386697,297761,1.5,2.80057,Suicide Squad (2016)
136564,2884018,225728,3.0,3.38406,Macbeth (2015)
136920,2242176,285549,3.5,2.69048,Horsehead (2014)
137857,3040964,278927,3.5,3.54165,The Jungle Book (2016)
138632,2808986,240566,2.5,2.98,Tokyo Tribe (2014)
139385,1663202,281957,4.0,3.77557,The Revenant (2015)
139644,3397884,273481,3.5,3.85359,Sicario (2015)
139655,3086442,284303,2.0,3.32759,Goodnight Mommy (2014)
140108,3675748,283127,2.5,2.91667,Yakuza Apocalypse (2015)
140162,3774694,292431,2.5,3.30847,Love (2015)
140174,3170832,264644,4.0,3.97928,Room (2015)
140239,2147319,104524,4.5,3.1,Helter Skelter (2012)
140247,4178092,328425,3.5,3.53892,The Gift (2015)
140267,4263482,310131,4.5,3.62165,The Witch (2016)
140715,1398426,277216,3.5,3.71137,Straight Outta Compton (2015)
140719,2668150,298078,4.0,3.5,Ruined Heart: Another Love Story Between A Criminal & A Whore (2014)
141544,3672742,310135,3.0,3.51937,Turbo Kid (2015)
141866,4062536,313922,3.5,3.62983,Green Room (2016)
142074,3605418,263472,3.0,2.55422,Knock Knock (2015)
142222,1172049,303991,3.0,3.56761,Demolition (2016)
142420,0462335,254302,1.5,2.91247,High-Rise (2015)
142488,1895587,314365,3.5,4.08048,Spotlight (2015)
142492,3808342,336050,3.0,3.66544,Son of Saul (2015)
142509,3072482,325348,2.5,3.3425,Hardcore Henry (2015)
142618,4195368,349498,2.0,3.5,Flying Colors (2015)
143160,2385227,328930,2.0,2.91667,Sunrise (2014)
143657,2400463,306947,3.5,3.48609,The Invitation (2015)
145064,4025514,356296,4.0,3.66883,Suburra (2015)
148626,1596363,318846,3.5,4.02575,The Big Short (2015)
149334,4550098,340666,4.0,3.73032,Nocturnal Animals (2016)
149996,0940723,12135,3.5,3.36364,Left Bank (2008)
150776,4439120,340176,3.0,3.01562,Tag (2015)
152077,1179933,333371,4.0,3.69692,10 Cloverfield Lane (2016)
152081,2948356,269149,3.5,3.92409,Zootopia (2016)
152970,4698684,371645,3.0,4.00909,Hunt for the Wilderpeople (2016)
153132,1110059,27671,2.5,2.92857,Pop Skull (2007)
153326,1010455,70457,2.0,2.83333,Small Gods (2007)
153350,0120547,76760,3.5,3.2,Labyrinth of Dreams (1997)
154858,4613272,362178,3.0,3.5625,Kaili Blues (2016)
154915,3704050,302528,3.5,3.82857,Remember (2015)
155064,1974419,301365,4.5,3.1932,The Neon Demon (2016)
155066,3395582,334026,3.0,2.9,Sun Choke (2015)
155074,4291590,330770,1.5,3.17742,Evolution (2015)
155288,2057392,333352,3.5,3.64632,Eye in the Sky (2015)
156371,2937696,295699,3.0,3.51983,Everybody Wants Some!! (2016)
156387,3544112,369557,4.0,3.9126,Sing Street (2016)
156605,5247022,370755,4.0,3.64587,Paterson (2016)
156726,5022702,376570,3.0,3.44142,Hush (2016)
156956,2394063,342165,4.5,3.55172,Too Late (2016)
158238,3799694,290250,3.0,3.74385,The Nice Guys (2016)
158783,4016934,290098,4.5,4.07529,The Handmaiden (2016)
158872,1700841,223702,1.5,2.84235,Sausage Party (2016)
158962,5225338,371560,2.5,3.17647,The Eyes of My Mother (2016)
158966,3553976,334533,3.5,3.94064,Captain Fantastic (2016)
158972,4048272,374475,1.0,3.6975,Toni Erdmann (2016)
159061,5215952,293670,3.5,3.63846,The Wailing (2016)
159405,0423034,47408,3.0,3.16667,Rampo Noir (2005)
159415,4034354,347031,3.5,3.47458,Swiss Army Man (2016)
159858,3065204,259693,3.5,3.50214,The Conjuring 2 (2016)
160848,3666024,337703,3.0,3.61089,The Red Turtle (2016)
160954,3531824,328387,2.0,3.50318,Nerve (2016)
161348,3908142,374052,3.0,3.19919,The Love Witch (2016)
161582,2582782,338766,3.5,3.88708,Hell or High Water (2016)
161634,4160708,300669,4.0,3.53882,Don't Breathe (2016)
161922,1878870,376660,3.5,3.7095,The Edge of Seventeen (2016)
161966,3716530,337674,3.5,3.47087,Elle (2016)
162082,5700672,396535,3.5,3.77552,Train to Busan (2016)
162414,4975722,376867,4.0,3.81913,Moonlight (2016)
162416,1920885,271706,4.0,3.25,Big Fish & Begonia (2016)
162578,4302938,313297,3.0,3.84141,Kubo and the Two Strings (2016)
162738,3721936,340485,3.0,3.67026,American Honey (2016)
163134,5311514,372058,4.0,4.125,Your Name. (2016)
163474,2586118,351037,4.0,3.5625,The Ardennes (2015)
163645,2119532,324786,2.5,3.88554,Hacksaw Ridge (2016)
164179,2543164,329865,4.0,4.03032,Arrival (2016)
164367,4547056,375366,3.5,3.50867,The Girl with All the Gifts (2016)
164909,3783958,313369,4.0,3.75099,La La Land (2016)
165087,1895315,324560,3.5,3.46316,Brimstone (2016)
165329,4392770,385737,3.5,3.125,Always Shine (2016)
165549,4034228,334541,2.5,3.84891,Manchester by the Sea (2016)
165551,3741834,334543,4.0,3.92374,Lion (2016)
165601,5059406,407559,3.0,2.82143,I Am the Pretty Thing That Lives in the House (2016)
166461,3521164,277834,3.5,3.86789,Moana (2016)
166528,3748528,330459,3.5,3.808,Rogue One: A Star Wars Story (2016)
166534,4972582,381288,3.5,3.61531,Split (2017)
167640,4731136,340837,3.0,3.19838,A Cure for Wellness (2017)
167832,4857264,411088,3.5,4.06235,The Invisible Guest (2016)
168122,4954522,393519,4.0,3.59794,Raw (2016)
168154,4682708,378485,3.5,2.35714,We Are the Flesh (2016)
168248,4425200,324552,3.0,3.73754,John Wick: Chapter 2 (2017)
168250,5052448,419430,4.0,3.96925,Get Out (2017)
168252,3315342,263115,2.5,3.90431,Logan (2017)
168348,5147214,403605,3.0,2.94048,Headshot (2016)
168366,2771200,321612,4.0,3.52319,Beauty and the Beast (2017)
168492,5726616,398818,4.0,3.89513,Call Me by Your Name (2017)
168610,6265828,428449,3.0,3.53621,A Ghost Story (2017)
168612,1219827,315837,4.0,3.23449,Ghost in the Shell (2017)
169094,4185862,364379,3.5,3.41667,Cat Sick Blues (2016)
169670,4255304,378018,3.0,2.96985,The Void (2016)
169764,4714782,340676,2.5,3.10769,Personal Shopper (2016)
169958,5173032,367147,3.0,3.08889,Buster's Mal Heart (2017)
170841,0865496,50342,4.0,4.0,Diary (2006)
170945,4695012,418078,2.5,3.25435,It Comes at Night (2017)
171583,5112578,396940,3.5,3.49359,Super Dark Times (2017)
171763,3890160,339403,3.5,3.81358,Baby Driver (2017)
171765,3967856,387426,3.0,3.50949,Okja (2017)
173139,4334266,316154,4.0,2.88235,The Bad Batch (2017)
173197,4995790,401246,3.5,3.6686,The Square (2017)
173203,3859310,341689,3.5,3.11111,How to Talk to Girls at Parties (2017)
173231,3993732,329013,3.0,2.07143,III (2015)
173369,5742374,398181,4.0,3.61556,You Were Never Really Here (2017)
173941,2406566,341013,3.5,3.30315,Atomic Blonde (2017)
174055,5013056,374720,3.0,3.80433,Dunkirk (2017)
174673,0301345,124310,1.5,1.5,Suddenly in the Dark (1981)
174727,4846232,429200,4.0,3.77755,Good Time (2017)
174909,5439796,399170,3.0,3.513,Logan Lucky (2017)
175203,4315174,330385,2.5,3.75,Despite the Night (2015)
175303,1396484,346364,3.5,3.56312,It (2017)
175569,5362988,395834,4.0,3.84576,Wind River (2017)
175667,5990474,414453,3.5,3.74211,Columbus (2017)
176101,4649466,343668,3.5,3.39838,Kingsman: The Golden Circle (2017)
176371,1856101,335984,4.5,3.89113,Blade Runner 2049 (2017)
176419,5109784,381283,4.5,3.5055,mother! (2017)
176801,1034415,361292,4.5,3.52521,Suspiria (2018)
176927,4677924,396777,3.5,3.0,Woodshock (2017)
176933,1615160,379149,2.5,3.47271,The Foreigner (2017)
177593,5027774,359940,4.0,4.00691,"Three Billboards Outside Ebbing, Missouri (2017)"
177615,4925292,391713,3.5,3.78147,Lady Bird (2017)
177651,5649144,394117,3.5,3.82812,The Florida Project (2017)
177689,5715874,399057,2.5,3.66643,The Killing of a Sacred Deer (2017)
177765,2380307,354912,3.5,4.06332,Coco (2017)
178335,6304046,401898,3.5,3.5512,Thelma (2017)
179247,6738136,467938,4.0,3.33712,Revenge (2017)
179289,5667052,395119,3.5,2.4,Fashionista (2016)
179293,6164502,437583,1.5,3.5625,November (2017)
179819,2527336,181808,4.0,3.50398,Star Wars: The Last Jedi (2017)
180031,5580390,399055,4.0,3.57877,The Shape of Water (2017)
180045,4209788,396371,3.0,3.76716,Molly's Game (2017)
180297,3521126,371638,3.5,3.61478,The Disaster Artist (2017)
180555,5462326,401561,3.5,2.85119,Mom and Dad (2017)
182467,5973032,414770,4.5,3.97222,Antiporno (2016)
182715,2798920,300668,4.5,3.53771,Annihilation (2018)
183837,5083738,375262,4.0,3.84962,The Favourite (2018)
183843,6998518,460885,5.0,3.51633,Mandy (2018)
183869,7784604,493922,4.5,3.74529,Hereditary (2018)
183873,3204632,378631,5.0,3.33333,Like Me (2018)
183897,5104604,399174,3.5,3.87884,Isle of Dogs (2018)
183985,5827212,422708,4.0,3.4,Let the Corpses Tan (2017)
184017,1464763,401371,3.0,2.74224,Mute (2018)
184253,2548396,384521,2.5,2.77449,The Cloverfield Paradox (2018)
184721,6053438,458737,4.0,3.62281,First Reformed (2018)
185029,6644200,447332,4.0,3.74972,A Quiet Place (2018)
185037,2039412,305344,2.5,2.9,Never Here (2017)
185481,6195094,476299,3.0,3.13208,Ghostland (2018)
185987,6217608,453278,3.0,3.79508,The Rider (2017)
185999,5628302,470918,3.0,3.44595,Beast (2018)
187501,3892172,443463,3.5,3.67017,Leave No Trace (2018)
188189,5688932,424781,4.5,3.7088,Sorry to Bother You (2018)
188623,7282468,491584,4.5,3.75789,Burning (2018)
188675,6768578,483184,3.5,3.73,Dogman (2018)
188773,8075192,505192,3.5,3.87132,Shoplifters (2018)
188941,5691670,396461,4.5,3.07407,Under the Silver Lake (2018)
189203,6499752,500664,3.5,3.74185,Upgrade (2018)
189885,6742252,486947,4.0,3.89103,The Guilty (2018)
190217,4701908,409296,3.5,3.5,Dearest Sister (2016)
191359,6010628,458005,4.0,3.20968,Zoe (2018)
191771,0910888,63101,3.0,3.5,"Funuke Show Some Love, You Losers! (2007)"
192245,6628394,446021,3.5,3.66337,Bad Times at the El Royale (2018)
192379,1213641,369972,3.5,3.65796,First Man (2018)
192381,6217306,424121,3.5,3.10648,Apostle (2018)
192385,1517451,332562,3.0,3.73139,A Star Is Born (2018)
192565,7681824,490000,4.0,3.53333,We the Animals (2018)
192803,1727824,424694,3.0,3.82694,Bohemian Rhapsody (2018)
193065,6155172,426426,3.5,3.79688,Roma (2018)
193563,5455410,434362,4.0,4.0,Gutland (2018)
193599,8359848,507076,4.0,3.50943,Climax (2018)
194947,8361028,521935,3.0,3.28289,Cam (2018)
195075,6516314,440444,3.5,2.95455,Piercing (2019)
196997,9495224,569547,3.5,3.52147,Black Mirror: Bandersnatch (2018)
198971,5843056,413745,3.0,3.25,One Night Only (2016)
